<?xml version="1.0" encoding="UTF-8"?>

<beans xmlns="http://www.springframework.org/schema/beans"
       xmlns:xsi="http://www.w3.org/2001/XMLSchema-instance"
       xsi:schemaLocation="http://www.springframework.org/schema/beans
           http://www.springframework.org/schema/beans/spring-beans.xsd">


    <!-- Example Bean Definition -->
    
    <bean id="dmds" class="org.springframework.jdbc.datasource.DriverManagerDataSource">

        <property name="driverClassName" value="com.mysql.cj.jdbc.Driver"></property>
        <property name="url" value="jdbc:mysql://localhost:3306/springdemo?useSSL=false&amp;serverTimezone=UTC"></property>
        <property name="username" value="chinmay"></property>
        <property name="password" value="Java@123"></property>
    </bean>
    
    
    <bean id="custDao" class="com.nt.dao.CustomerDSOImpl">
            <constructor-arg name="ds" ref="dmds"></constructor-arg>
    </bean>
    
    
    <bean id="custService" class="com.nt.service.CustomermanagementserviceImpl" >
         <constructor-arg name="dao" ref="custDao"/>
    
    </bean>
    
    <bean id="controller" class="com.nt.controller.Maincotrolleer">
        <constructor-arg name="service" ref="custService"></constructor-arg>
    </bean>
</beans>